overall,value_eur,wage_eur,goalkeeping_diving,goalkeeping_handling,goalkeeping_kicking,goalkeeping_positioning,goalkeeping_reflexes,goalkeeping_speed
91.0,120000000.0,125000.0,87.0,92.0,78.0,90.0,90.0,52.0
90.0,110000000.0,260000.0,88.0,85.0,88.0,88.0,90.0,45.0
90.0,102000000.0,160000.0,86.0,88.0,85.0,91.0,89.0,51.0
89.0,17500000.0,130000.0,87.0,87.0,91.0,86.0,89.0,57.0
89.0,82000000.0,250000.0,84.0,89.0,74.0,85.0,88.0,48.0
88.0,10000000.0,100000.0,88.0,85.0,73.0,89.0,89.0,53.0
88.0,92000000.0,195000.0,86.0,82.0,93.0,86.0,88.0,63.0
87.0,26000000.0,125000.0,89.0,82.0,68.0,84.0,90.0,63.0
87.0,53000000.0,105000.0,86.0,82.0,73.0,87.0,88.0,49.0
87.0,26000000.0,110000.0,90.0,81.0,75.0,82.0,90.0,53.0
86.0,36000000.0,55000.0,80.0,86.0,85.0,87.0,85.0,51.0
86.0,46500000.0,150000.0,88.0,81.0,78.0,82.0,89.0,58.0
85.0,36000000.0,65000.0,84.0,85.0,82.0,84.0,86.0,43.0
85.0,46000000.0,105000.0,85.0,83.0,80.0,84.0,86.0,56.0
85.0,93500000.0,34000.0,89.0,81.0,76.0,83.0,89.0,50.0
84.0,13500000.0,90000.0,82.0,77.0,83.0,79.0,89.0,54.0
84.0,13500000.0,54000.0,84.0,80.0,76.0,84.0,82.0,51.0
84.0,21000000.0,90000.0,84.0,80.0,77.0,82.0,83.0,55.0
84.0,32500000.0,68000.0,85.0,82.0,72.0,82.0,88.0,47.0
84.0,48000000.0,18000.0,84.0,80.0,87.0,82.0,86.0,63.0
83.0,4000000.0,28000.0,81.0,81.0,78.0,81.0,84.0,48.0
83.0,25000000.0,35000.0,82.0,78.0,79.0,83.0,85.0,49.0
83.0,24000000.0,64000.0,85.0,78.0,69.0,83.0,87.0,41.0
83.0,31000000.0,53000.0,83.0,80.0,80.0,83.0,84.0,45.0
83.0,25000000.0,31000.0,84.0,78.0,74.0,81.0,86.0,55.0
83.0,30000000.0,69000.0,85.0,80.0,74.0,80.0,86.0,64.0
83.0,42500000.0,58000.0,86.0,79.0,75.0,81.0,88.0,44.0
83.0,19000000.0,47000.0,79.0,80.0,81.0,82.0,86.0,46.0
83.0,42500000.0,21000.0,82.0,83.0,79.0,82.0,84.0,49.0
82.0,5000000.0,64000.0,84.0,76.0,75.0,82.0,83.0,61.0
82.0,20500000.0,37000.0,81.0,80.0,79.0,79.0,82.0,49.0
82.0,28000000.0,20000.0,82.0,82.0,71.0,79.0,87.0,56.0
82.0,15000000.0,16000.0,82.0,78.0,76.0,81.0,86.0,53.0
82.0,24000000.0,59000.0,79.0,81.0,75.0,83.0,84.0,48.0
82.0,16000000.0,29000.0,82.0,76.0,76.0,81.0,85.0,37.0
82.0,33500000.0,76000.0,81.0,82.0,85.0,79.0,82.0,33.0
82.0,26000000.0,28000.0,81.0,79.0,71.0,83.0,84.0,45.0
82.0,28000000.0,35000.0,85.0,78.0,77.0,78.0,88.0,54.0
82.0,34500000.0,31000.0,80.0,80.0,82.0,82.0,83.0,46.0
82.0,28000000.0,30000.0,83.0,81.0,72.0,81.0,84.0,41.0
82.0,15000000.0,32000.0,79.0,84.0,77.0,83.0,78.0,42.0
82.0,24000000.0,32000.0,84.0,76.0,68.0,76.0,87.0,36.0
81.0,8500000.0,32000.0,81.0,82.0,72.0,80.0,83.0,40.0
81.0,2900000.0,26000.0,80.0,82.0,70.0,81.0,82.0,48.0
81.0,13000000.0,26000.0,80.0,75.0,76.0,84.0,82.0,51.0
81.0,13500000.0,21000.0,82.0,82.0,72.0,77.0,84.0,65.0
81.0,13500000.0,33000.0,81.0,80.0,77.0,80.0,79.0,53.0
81.0,26000000.0,70000.0,81.0,77.0,87.0,77.0,85.0,48.0
81.0,27500000.0,32000.0,84.0,78.0,69.0,76.0,88.0,39.0
81.0,20000000.0,19000.0,77.0,79.0,82.0,82.0,83.0,44.0
81.0,29500000.0,14000.0,84.0,76.0,67.0,77.0,86.0,43.0
81.0,25500000.0,35000.0,80.0,79.0,77.0,80.0,83.0,48.0
81.0,20500000.0,30000.0,78.0,80.0,79.0,81.0,82.0,37.0
80.0,7000000.0,22000.0,6.0,7.0,5.0,4.0,4.0,37.156356551388214
80.0,14500000.0,43000.0,6.0,10.0,13.0,10.0,15.0,37.156356551388214
80.0,21000000.0,78000.0,6.0,14.0,7.0,6.0,12.0,37.156356551388214
80.0,24000000.0,31000.0,8.0,11.0,6.0,7.0,10.0,37.156356551388214
80.0,25000000.0,83000.0,11.0,13.0,5.0,13.0,8.0,37.156356551388214
80.0,33500000.0,43000.0,10.0,9.0,12.0,7.0,7.0,37.156356551388214
80.0,27500000.0,74000.0,7.0,10.0,14.0,9.0,14.0,37.156356551388214
80.0,25000000.0,26000.0,12.0,9.0,8.0,12.0,11.0,37.156356551388214
80.0,13500000.0,43000.0,7.0,14.0,6.0,7.0,13.0,37.156356551388214
80.0,34000000.0,51000.0,5.0,6.0,10.0,15.0,7.0,37.156356551388214
79.0,5500000.0,11000.0,12.0,14.0,10.0,5.0,15.0,37.156356551388214
79.0,11000000.0,43000.0,6.0,10.0,8.0,8.0,6.0,37.156356551388214
79.0,8500000.0,22000.0,2.0,2.0,2.0,2.0,2.0,37.156356551388214
79.0,7000000.0,1000.0,14.0,12.0,8.0,6.0,8.0,37.156356551388214
79.0,5500000.0,50000.0,15.0,9.0,12.0,14.0,6.0,37.156356551388214
79.0,11000000.0,46000.0,11.0,14.0,7.0,6.0,13.0,37.156356551388214
79.0,17500000.0,12000.0,10.0,8.0,14.0,10.0,8.0,37.156356551388214
79.0,20500000.0,47000.0,15.0,14.0,15.0,7.0,10.0,37.156356551388214
79.0,19000000.0,37000.0,9.0,14.0,13.0,14.0,10.0,37.156356551388214
79.0,24000000.0,70000.0,10.0,12.0,8.0,6.0,8.0,37.156356551388214
79.0,17500000.0,47000.0,12.0,6.0,10.0,11.0,12.0,37.156356551388214
79.0,36500000.0,29000.0,8.0,12.0,8.0,6.0,11.0,37.156356551388214
79.0,21500000.0,20000.0,78.0,77.0,74.0,79.0,81.0,23.0
78.0,2400000.0,43000.0,78.0,77.0,74.0,78.0,79.0,55.0
78.0,10000000.0,20000.0,12.0,11.0,11.0,14.0,12.0,37.156356551388214
78.0,14000000.0,72000.0,11.0,9.0,15.0,10.0,6.0,37.156356551388214
78.0,15500000.0,66000.0,10.0,8.0,12.0,9.0,12.0,37.156356551388214
78.0,9500000.0,37000.0,9.0,8.0,16.0,7.0,15.0,37.156356551388214
78.0,11500000.0,34000.0,6.0,10.0,6.0,15.0,9.0,37.156356551388214
77.0,3400000.0,48000.0,5.0,12.0,9.0,5.0,12.0,37.156356551388214
77.0,5000000.0,17000.0,8.0,9.0,12.0,11.0,14.0,37.156356551388214
77.0,4900000.0,26000.0,7.0,8.0,11.0,9.0,11.0,37.156356551388214
77.0,10500000.0,38000.0,16.0,16.0,7.0,7.0,12.0,37.156356551388214
77.0,8500000.0,58000.0,10.0,8.0,9.0,14.0,9.0,37.156356551388214
77.0,9000000.0,47000.0,11.0,12.0,16.0,16.0,8.0,37.156356551388214
77.0,10500000.0,21000.0,4.0,5.0,3.0,4.0,8.0,37.156356551388214
77.0,11000000.0,39000.0,6.0,12.0,7.0,13.0,14.0,37.156356551388214
77.0,10500000.0,17000.0,9.0,7.0,5.0,6.0,7.0,37.156356551388214
77.0,11500000.0,46000.0,12.0,10.0,7.0,15.0,9.0,37.156356551388214
77.0,11000000.0,33000.0,13.0,13.0,6.0,10.0,15.0,37.156356551388214
77.0,14000000.0,22000.0,12.0,16.0,10.0,13.0,7.0,37.156356551388214
77.0,11000000.0,24000.0,10.0,10.0,7.0,10.0,10.0,37.156356551388214
77.0,13500000.0,30000.0,9.0,8.0,14.0,12.0,7.0,37.156356551388214
77.0,15000000.0,12000.0,15.0,16.0,8.0,10.0,16.0,37.156356551388214
77.0,16500000.0,23000.0,13.0,8.0,12.0,13.0,8.0,37.156356551388214
77.0,16000000.0,33000.0,9.0,11.0,12.0,12.0,10.0,37.156356551388214
77.0,17000000.0,81000.0,7.0,6.0,11.0,15.0,9.0,37.156356551388214
77.0,16000000.0,14000.0,12.0,7.0,13.0,12.0,12.0,37.156356551388214
77.0,22500000.0,22000.0,14.0,14.0,12.0,13.0,15.0,37.156356551388214
76.0,6000000.0,23000.0,13.0,15.0,8.0,13.0,16.0,37.156356551388214
76.0,3600000.0,42000.0,2.0,3.0,4.0,2.0,4.0,37.156356551388214
76.0,6500000.0,46000.0,12.0,11.0,8.0,10.0,13.0,37.156356551388214
76.0,4900000.0,17000.0,13.0,11.0,10.0,16.0,14.0,37.156356551388214
76.0,7000000.0,26000.0,14.0,15.0,7.0,11.0,16.0,37.156356551388214
76.0,6500000.0,10000.0,15.0,8.0,7.0,10.0,13.0,37.156356551388214
76.0,9000000.0,34000.0,14.0,6.0,6.0,9.0,8.0,37.156356551388214
76.0,10000000.0,33000.0,14.0,15.0,9.0,14.0,9.0,37.156356551388214
76.0,5500000.0,17000.0,10.0,12.0,12.0,10.0,13.0,37.156356551388214
76.0,8000000.0,25000.0,10.0,12.0,10.0,15.0,8.0,37.156356551388214
76.0,10000000.0,34000.0,8.0,11.0,5.0,12.0,12.0,37.156356551388214
76.0,17000000.0,17000.0,8.0,14.0,12.0,6.0,9.0,37.156356551388214
76.0,7500000.0,31000.0,6.0,14.0,9.0,9.0,9.0,37.156356551388214
76.0,10500000.0,15000.0,14.0,6.0,13.0,15.0,6.0,37.156356551388214
76.0,16000000.0,21000.0,11.0,6.0,13.0,5.0,10.0,37.156356551388214
75.0,625000.0,13000.0,75.0,72.0,77.0,76.0,75.0,42.0
75.0,1800000.0,34000.0,76.0,74.0,79.0,75.0,71.0,41.0
75.0,2400000.0,1000.0,6.0,8.0,9.0,8.0,6.0,37.156356551388214
75.0,2900000.0,20000.0,10.0,9.0,13.0,6.0,16.0,37.156356551388214
75.0,4400000.0,19000.0,8.0,6.0,9.0,15.0,16.0,37.156356551388214
75.0,4500000.0,32000.0,6.0,6.0,11.0,8.0,7.0,37.156356551388214
75.0,5500000.0,21000.0,7.0,8.0,13.0,6.0,9.0,37.156356551388214
75.0,2400000.0,12000.0,7.0,7.0,14.0,10.0,13.0,37.156356551388214
75.0,4600000.0,15000.0,8.0,9.0,11.0,7.0,11.0,37.156356551388214
75.0,3700000.0,11000.0,14.0,11.0,7.0,16.0,9.0,37.156356551388214
75.0,6000000.0,26000.0,11.0,7.0,10.0,15.0,13.0,37.156356551388214
75.0,5500000.0,44000.0,12.0,14.0,10.0,11.0,16.0,37.156356551388214
75.0,4800000.0,18000.0,12.0,13.0,11.0,14.0,9.0,37.156356551388214
75.0,3500000.0,13000.0,8.0,6.0,15.0,7.0,7.0,37.156356551388214
75.0,6500000.0,46000.0,9.0,11.0,7.0,13.0,15.0,37.156356551388214
75.0,6500000.0,19000.0,7.0,8.0,8.0,7.0,15.0,37.156356551388214
75.0,6000000.0,46000.0,9.0,16.0,10.0,14.0,7.0,37.156356551388214
75.0,6000000.0,23000.0,6.0,11.0,9.0,10.0,7.0,37.156356551388214
75.0,4800000.0,8000.0,75.0,71.0,59.0,73.0,81.0,50.0
75.0,2900000.0,1000.0,12.0,11.0,10.0,14.0,8.0,37.156356551388214
75.0,5500000.0,5000.0,8.0,8.0,8.0,13.0,15.0,37.156356551388214
75.0,5000000.0,18000.0,10.0,11.0,15.0,10.0,12.0,37.156356551388214
75.0,4800000.0,850.0,12.0,7.0,15.0,6.0,14.0,37.156356551388214
75.0,6000000.0,45000.0,15.0,16.0,10.0,9.0,14.0,37.156356551388214
75.0,6500000.0,22000.0,6.0,11.0,16.0,8.0,15.0,37.156356551388214
75.0,7000000.0,19000.0,8.0,7.0,15.0,7.0,8.0,37.156356551388214
75.0,9000000.0,34000.0,9.0,13.0,8.0,13.0,13.0,37.156356551388214
75.0,6000000.0,18000.0,74.0,72.0,64.0,74.0,79.0,65.0
75.0,7500000.0,9000.0,7.0,15.0,5.0,6.0,11.0,37.156356551388214
75.0,8000000.0,15000.0,14.0,12.0,9.0,12.0,13.0,37.156356551388214
75.0,12500000.0,25000.0,11.0,11.0,14.0,6.0,12.0,37.156356551388214
75.0,6500000.0,22000.0,12.0,13.0,13.0,12.0,6.0,37.156356551388214
75.0,13500000.0,59000.0,6.0,7.0,15.0,10.0,10.0,37.156356551388214
75.0,6500000.0,51000.0,15.0,6.0,11.0,14.0,14.0,37.156356551388214
75.0,8000000.0,18000.0,7.0,10.0,7.0,10.0,9.0,37.156356551388214
75.0,12000000.0,20000.0,11.0,10.0,13.0,13.0,6.0,37.156356551388214
74.0,2900000.0,15000.0,8.0,6.0,12.0,9.0,13.0,37.156356551388214
74.0,4200000.0,19000.0,9.0,10.0,6.0,12.0,16.0,37.156356551388214
74.0,2800000.0,15000.0,15.0,13.0,11.0,13.0,13.0,37.156356551388214
74.0,2900000.0,13000.0,12.0,16.0,8.0,14.0,7.0,37.156356551388214
74.0,2900000.0,38000.0,14.0,10.0,15.0,9.0,8.0,37.156356551388214
74.0,2800000.0,11000.0,74.0,73.0,64.0,72.0,75.0,54.0
74.0,3300000.0,16000.0,9.0,13.0,6.0,7.0,12.0,37.156356551388214
74.0,4300000.0,23000.0,12.0,13.0,14.0,6.0,11.0,37.156356551388214
74.0,4000000.0,23000.0,8.0,7.0,11.0,7.0,9.0,37.156356551388214
74.0,3500000.0,16000.0,13.0,11.0,13.0,11.0,6.0,37.156356551388214
74.0,4900000.0,26000.0,13.0,8.0,11.0,16.0,10.0,37.156356551388214
74.0,4100000.0,24000.0,12.0,7.0,8.0,11.0,12.0,37.156356551388214
74.0,4400000.0,19000.0,74.0,68.0,66.0,76.0,76.0,56.0
74.0,4200000.0,34000.0,13.0,12.0,12.0,10.0,9.0,37.156356551388214
74.0,5500000.0,15000.0,12.0,9.0,15.0,8.0,8.0,37.156356551388214
74.0,3900000.0,600.0,77.0,71.0,67.0,73.0,78.0,43.0
74.0,2000000.0,11000.0,8.0,14.0,7.0,14.0,7.0,37.156356551388214
74.0,4200000.0,17000.0,13.0,12.0,10.0,13.0,9.0,37.156356551388214
74.0,6500000.0,42000.0,15.0,14.0,7.0,10.0,10.0,37.156356551388214
74.0,4200000.0,29000.0,7.0,15.0,8.0,15.0,14.0,37.156356551388214
74.0,3600000.0,22000.0,12.0,11.0,10.0,11.0,7.0,37.156356551388214
74.0,3700000.0,12000.0,13.0,13.0,14.0,13.0,9.0,37.156356551388214
74.0,4100000.0,14000.0,9.0,15.0,11.0,6.0,13.0,37.156356551388214
74.0,8500000.0,35000.0,13.0,9.0,7.0,13.0,7.0,37.156356551388214
73.0,1500000.0,1000.0,13.0,5.0,11.0,5.0,11.0,37.156356551388214
73.0,2100000.0,16000.0,13.0,14.0,14.0,12.0,13.0,37.156356551388214
73.0,1300000.0,6000.0,11.0,8.0,11.0,6.0,16.0,37.156356551388214
73.0,2500000.0,15000.0,11.0,10.0,9.0,12.0,14.0,37.156356551388214
73.0,350000.0,4000.0,74.0,71.0,70.0,71.0,76.0,41.0
73.0,2400000.0,14000.0,14.0,13.0,8.0,16.0,6.0,37.156356551388214
73.0,2500000.0,14000.0,7.0,8.0,7.0,10.0,7.0,37.156356551388214
73.0,3100000.0,19000.0,14.0,14.0,8.0,15.0,10.0,37.156356551388214
73.0,2600000.0,17000.0,16.0,10.0,10.0,11.0,16.0,37.156356551388214
73.0,1900000.0,15000.0,10.0,16.0,7.0,11.0,13.0,37.156356551388214
73.0,2900000.0,15000.0,16.0,7.0,13.0,14.0,12.0,37.156356551388214
73.0,1000000.0,9000.0,73.0,68.0,66.0,74.0,75.0,41.0
73.0,3300000.0,16000.0,74.0,67.0,66.0,72.0,79.0,42.0
73.0,3000000.0,19000.0,10.0,11.0,14.0,12.0,14.0,37.156356551388214
73.0,3100000.0,12000.0,11.0,8.0,13.0,16.0,7.0,37.156356551388214
73.0,3700000.0,28000.0,8.0,7.0,6.0,15.0,13.0,37.156356551388214
73.0,3000000.0,16000.0,13.0,10.0,11.0,6.0,10.0,37.156356551388214
73.0,3700000.0,22000.0,15.0,7.0,6.0,10.0,9.0,37.156356551388214
73.0,2800000.0,3000.0,72.0,72.0,75.0,73.0,73.0,32.0
73.0,3200000.0,7000.0,13.0,14.0,8.0,10.0,9.0,37.156356551388214
73.0,2100000.0,11000.0,14.0,15.0,14.0,16.0,10.0,37.156356551388214
73.0,3700000.0,13000.0,8.0,8.0,11.0,9.0,8.0,37.156356551388214
73.0,4400000.0,1000.0,9.0,11.0,8.0,6.0,6.0,37.156356551388214
73.0,4400000.0,13000.0,11.0,9.0,7.0,6.0,13.0,37.156356551388214
73.0,2000000.0,6000.0,74.0,67.0,69.0,70.0,74.0,47.0
73.0,1900000.0,16000.0,10.0,8.0,16.0,7.0,7.0,37.156356551388214
73.0,4800000.0,12000.0,13.0,10.0,10.0,8.0,14.0,37.156356551388214
73.0,3800000.0,12000.0,6.0,9.0,15.0,6.0,7.0,37.156356551388214
73.0,2200000.0,21000.0,73.0,77.0,69.0,76.0,66.0,48.0
73.0,2700000.0,20000.0,15.0,15.0,18.0,8.0,7.0,37.156356551388214
73.0,2400000.0,31000.0,10.0,8.0,9.0,14.0,8.0,37.156356551388214
73.0,4800000.0,2000.0,9.0,6.0,9.0,7.0,13.0,37.156356551388214
73.0,2500000.0,12000.0,8.0,9.0,14.0,12.0,14.0,37.156356551388214
73.0,6500000.0,10000.0,10.0,10.0,12.0,14.0,12.0,37.156356551388214
73.0,6500000.0,49000.0,15.0,7.0,14.0,5.0,7.0,37.156356551388214
73.0,7000000.0,5000.0,15.0,8.0,13.0,9.0,9.0,37.156356551388214
73.0,1600000.0,850.0,73.0,68.0,68.0,75.0,75.0,29.0
73.0,7500000.0,9000.0,13.0,11.0,6.0,14.0,7.0,37.156356551388214
72.0,1400000.0,21000.0,14.0,9.0,16.0,14.0,14.0,37.156356551388214
72.0,800000.0,750.0,12.0,7.0,6.0,14.0,11.0,37.156356551388214
72.0,2000000.0,4000.0,7.0,11.0,15.0,9.0,13.0,37.156356551388214
72.0,2200000.0,21000.0,10.0,13.0,12.0,6.0,8.0,37.156356551388214
72.0,1600000.0,29000.0,72.0,67.0,77.0,73.0,73.0,48.0
72.0,1900000.0,19000.0,15.0,8.0,14.0,15.0,10.0,37.156356551388214
72.0,800000.0,9000.0,10.0,9.0,8.0,8.0,11.0,37.156356551388214
72.0,2300000.0,31000.0,12.0,12.0,8.0,11.0,9.0,37.156356551388214
72.0,1500000.0,11000.0,16.0,8.0,8.0,15.0,9.0,37.156356551388214
72.0,2300000.0,16000.0,10.0,16.0,7.0,15.0,14.0,37.156356551388214
72.0,1600000.0,8000.0,8.0,13.0,11.0,14.0,8.0,37.156356551388214
72.0,2700000.0,8000.0,12.0,10.0,8.0,15.0,16.0,37.156356551388214
72.0,2300000.0,26000.0,15.0,16.0,13.0,13.0,13.0,37.156356551388214
72.0,2500000.0,16000.0,15.0,10.0,7.0,11.0,15.0,37.156356551388214
72.0,2000000.0,21000.0,12.0,7.0,14.0,10.0,9.0,37.156356551388214
72.0,2300000.0,7000.0,9.0,11.0,16.0,14.0,8.0,37.156356551388214
72.0,750000.0,7000.0,72.0,68.0,63.0,71.0,74.0,48.0
72.0,2300000.0,10000.0,16.0,6.0,12.0,6.0,8.0,37.156356551388214
72.0,1900000.0,750.0,16.0,6.0,10.0,13.0,13.0,37.156356551388214
72.0,2000000.0,29000.0,16.0,11.0,7.0,8.0,9.0,37.156356551388214
72.0,2100000.0,20000.0,13.0,6.0,6.0,14.0,12.0,37.156356551388214
72.0,2300000.0,10000.0,8.0,14.0,15.0,14.0,9.0,37.156356551388214
72.0,2500000.0,10000.0,13.0,14.0,14.0,16.0,8.0,37.156356551388214
72.0,2300000.0,41000.0,14.0,14.0,13.0,6.0,8.0,37.156356551388214
72.0,2300000.0,33000.0,10.0,6.0,13.0,11.0,7.0,37.156356551388214
72.0,1900000.0,17000.0,6.0,11.0,7.0,7.0,15.0,37.156356551388214
72.0,2400000.0,8000.0,11.0,7.0,11.0,14.0,11.0,37.156356551388214
72.0,2300000.0,16000.0,9.0,8.0,7.0,12.0,12.0,37.156356551388214
72.0,4400000.0,15000.0,15.0,12.0,11.0,8.0,8.0,37.156356551388214
72.0,3400000.0,35000.0,7.0,9.0,16.0,16.0,6.0,37.156356551388214
72.0,2400000.0,16000.0,12.0,10.0,9.0,9.0,12.0,37.156356551388214
72.0,2600000.0,1000.0,15.0,14.0,10.0,10.0,10.0,37.156356551388214
72.0,4900000.0,10000.0,7.0,14.0,6.0,7.0,13.0,37.156356551388214
72.0,2600000.0,850.0,14.0,8.0,6.0,6.0,9.0,37.156356551388214
72.0,2800000.0,7000.0,6.0,8.0,9.0,9.0,14.0,37.156356551388214
72.0,2000000.0,15000.0,72.0,71.0,75.0,68.0,73.0,43.0
72.0,2400000.0,21000.0,10.0,10.0,18.0,10.0,13.0,37.156356551388214
72.0,3200000.0,15000.0,14.0,14.0,10.0,6.0,8.0,37.156356551388214
72.0,3700000.0,27000.0,12.0,13.0,7.0,11.0,5.0,37.156356551388214
71.0,700000.0,12000.0,14.0,14.0,8.0,11.0,8.0,37.156356551388214
71.0,1600000.0,12000.0,16.0,6.0,12.0,14.0,9.0,37.156356551388214
71.0,1200000.0,8000.0,6.0,8.0,7.0,7.0,7.0,37.156356551388214
71.0,1600000.0,9000.0,11.0,11.0,8.0,15.0,15.0,37.156356551388214
71.0,1600000.0,18000.0,8.0,12.0,16.0,12.0,7.0,37.156356551388214
71.0,1600000.0,8000.0,11.0,10.0,8.0,8.0,12.0,37.156356551388214
71.0,1600000.0,25000.0,15.0,15.0,6.0,14.0,8.0,37.156356551388214
71.0,1900000.0,30000.0,11.0,9.0,16.0,12.0,6.0,37.156356551388214
71.0,2000000.0,5000.0,12.0,9.0,12.0,8.0,16.0,37.156356551388214
71.0,1800000.0,3000.0,10.0,8.0,10.0,9.0,9.0,37.156356551388214
71.0,2300000.0,3000.0,15.0,14.0,9.0,15.0,11.0,37.156356551388214
71.0,1500000.0,13000.0,9.0,11.0,15.0,8.0,15.0,37.156356551388214
71.0,2000000.0,5000.0,6.0,9.0,9.0,10.0,10.0,37.156356551388214
71.0,1900000.0,8000.0,16.0,13.0,9.0,15.0,7.0,37.156356551388214
71.0,2500000.0,6000.0,7.0,14.0,13.0,8.0,11.0,37.156356551388214
71.0,1500000.0,15000.0,9.0,10.0,12.0,11.0,13.0,37.156356551388214
71.0,3800000.0,39000.0,9.0,7.0,14.0,7.0,14.0,37.156356551388214
71.0,2300000.0,10000.0,11.0,11.0,14.0,11.0,14.0,37.156356551388214
71.0,2400000.0,9000.0,14.0,9.0,13.0,9.0,11.0,37.156356551388214
71.0,1800000.0,6000.0,7.0,9.0,12.0,8.0,7.0,37.156356551388214
71.0,2000000.0,11000.0,78.0,66.0,57.0,62.0,76.0,49.0
71.0,1600000.0,13000.0,13.0,13.0,16.0,12.0,9.0,37.156356551388214
71.0,3800000.0,17000.0,15.0,13.0,9.0,9.0,11.0,37.156356551388214
71.0,2300000.0,15000.0,10.0,14.0,12.0,13.0,13.0,37.156356551388214
71.0,2100000.0,9000.0,74.0,67.0,66.0,68.0,72.0,53.0
71.0,2600000.0,35000.0,14.0,13.0,11.0,9.0,8.0,37.156356551388214
71.0,4200000.0,29000.0,12.0,11.0,10.0,10.0,13.0,37.156356551388214
71.0,2400000.0,5000.0,12.0,14.0,14.0,8.0,13.0,37.156356551388214
71.0,325000.0,7000.0,68.0,70.0,75.0,73.0,69.0,33.0
71.0,2900000.0,8000.0,13.0,15.0,6.0,15.0,6.0,37.156356551388214
71.0,1600000.0,8000.0,8.0,13.0,11.0,14.0,14.0,37.156356551388214
71.0,3800000.0,3000.0,12.0,9.0,5.0,8.0,13.0,37.156356551388214
71.0,4200000.0,15000.0,10.0,5.0,8.0,6.0,9.0,37.156356551388214
71.0,4200000.0,16000.0,7.0,13.0,9.0,14.0,10.0,37.156356551388214
71.0,2000000.0,7000.0,9.0,10.0,11.0,13.0,10.0,37.156356551388214
71.0,4200000.0,500.0,6.0,11.0,13.0,10.0,14.0,37.156356551388214
70.0,275000.0,5000.0,6.0,14.0,10.0,12.0,6.0,37.156356551388214
70.0,850000.0,3000.0,71.0,68.0,53.0,70.0,72.0,27.0
70.0,1600000.0,9000.0,14.0,10.0,15.0,15.0,6.0,37.156356551388214
70.0,1600000.0,3000.0,10.0,14.0,12.0,15.0,11.0,37.156356551388214
70.0,825000.0,5000.0,14.0,9.0,15.0,13.0,12.0,37.156356551388214
70.0,750000.0,5000.0,14.0,10.0,6.0,14.0,9.0,37.156356551388214
70.0,1400000.0,10000.0,16.0,16.0,16.0,12.0,16.0,37.156356551388214
70.0,1500000.0,8000.0,13.0,9.0,15.0,8.0,11.0,37.156356551388214
70.0,1600000.0,8000.0,14.0,15.0,7.0,7.0,15.0,37.156356551388214
70.0,1500000.0,29000.0,15.0,13.0,13.0,16.0,7.0,37.156356551388214
70.0,1600000.0,7000.0,9.0,9.0,14.0,15.0,15.0,37.156356551388214
70.0,1100000.0,5000.0,73.0,64.0,70.0,67.0,71.0,48.0
70.0,1100000.0,4000.0,74.0,64.0,72.0,67.0,72.0,39.0
70.0,1500000.0,800.0,7.0,16.0,12.0,15.0,9.0,37.156356551388214
70.0,1400000.0,5000.0,15.0,12.0,7.0,8.0,11.0,37.156356551388214
70.0,1700000.0,13000.0,9.0,8.0,7.0,9.0,8.0,37.156356551388214
70.0,1000000.0,13000.0,8.0,9.0,12.0,13.0,11.0,37.156356551388214
70.0,1900000.0,6000.0,13.0,16.0,11.0,16.0,9.0,37.156356551388214
70.0,850000.0,8000.0,71.0,65.0,62.0,67.0,75.0,34.0
70.0,1600000.0,24000.0,8.0,13.0,11.0,10.0,9.0,37.156356551388214
70.0,1700000.0,11000.0,9.0,10.0,10.0,8.0,12.0,37.156356551388214
70.0,2900000.0,9000.0,14.0,8.0,11.0,8.0,14.0,37.156356551388214
70.0,2400000.0,13000.0,12.0,7.0,13.0,15.0,13.0,37.156356551388214
70.0,1700000.0,4000.0,15.0,13.0,9.0,9.0,12.0,37.156356551388214
70.0,2100000.0,11000.0,12.0,10.0,10.0,9.0,13.0,37.156356551388214
70.0,1600000.0,8000.0,7.0,10.0,10.0,15.0,8.0,37.156356551388214
70.0,1600000.0,8000.0,15.0,7.0,14.0,13.0,14.0,37.156356551388214
70.0,2500000.0,15000.0,14.0,12.0,7.0,7.0,12.0,37.156356551388214
70.0,2000000.0,18000.0,16.0,12.0,14.0,16.0,9.0,37.156356551388214
70.0,2300000.0,13000.0,11.0,7.0,13.0,8.0,11.0,37.156356551388214
70.0,1500000.0,700.0,14.0,7.0,12.0,13.0,7.0,37.156356551388214
70.0,1500000.0,15000.0,11.0,15.0,11.0,9.0,11.0,37.156356551388214
70.0,3000000.0,4000.0,15.0,10.0,12.0,11.0,14.0,37.156356551388214
70.0,2100000.0,9000.0,16.0,14.0,13.0,9.0,15.0,37.156356551388214
70.0,1900000.0,14000.0,11.0,14.0,15.0,12.0,13.0,37.156356551388214
70.0,1800000.0,12000.0,14.0,6.0,12.0,12.0,10.0,37.156356551388214
70.0,3300000.0,9000.0,13.0,12.0,13.0,14.0,6.0,37.156356551388214
70.0,1600000.0,3000.0,7.0,9.0,13.0,13.0,12.0,37.156356551388214
70.0,1900000.0,14000.0,7.0,6.0,11.0,8.0,6.0,37.156356551388214
70.0,3400000.0,13000.0,11.0,7.0,8.0,8.0,10.0,37.156356551388214
70.0,2200000.0,11000.0,13.0,14.0,11.0,10.0,8.0,37.156356551388214
70.0,1900000.0,5000.0,5.0,8.0,11.0,13.0,12.0,37.156356551388214
70.0,3300000.0,10000.0,7.0,14.0,7.0,12.0,8.0,37.156356551388214
70.0,3500000.0,8000.0,14.0,12.0,9.0,14.0,6.0,37.156356551388214
69.0,575000.0,10000.0,15.0,11.0,8.0,10.0,15.0,37.156356551388214
69.0,250000.0,14000.0,8.0,6.0,6.0,13.0,15.0,37.156356551388214
69.0,1100000.0,5000.0,11.0,6.0,11.0,11.0,14.0,37.156356551388214
69.0,950000.0,8000.0,6.0,8.0,13.0,7.0,8.0,37.156356551388214
69.0,1000000.0,5000.0,69.0,68.0,75.0,68.0,70.0,41.0
69.0,925000.0,10000.0,6.0,7.0,15.0,8.0,10.0,37.156356551388214
69.0,1200000.0,3000.0,66.0,68.0,74.0,69.0,68.0,40.0
69.0,1400000.0,9000.0,10.0,8.0,11.0,15.0,13.0,37.156356551388214
69.0,950000.0,8000.0,16.0,12.0,10.0,11.0,12.0,37.156356551388214
69.0,1400000.0,5000.0,8.0,6.0,13.0,8.0,7.0,37.156356551388214
69.0,1400000.0,6000.0,12.0,10.0,15.0,16.0,12.0,37.156356551388214
69.0,1200000.0,8000.0,8.0,5.0,15.0,5.0,15.0,37.156356551388214
69.0,1100000.0,19000.0,12.0,12.0,7.0,15.0,13.0,37.156356551388214
69.0,1300000.0,8000.0,70.0,63.0,70.0,68.0,72.0,45.0
69.0,1200000.0,5000.0,70.0,63.0,60.0,69.0,73.0,44.0
69.0,1300000.0,3000.0,9.0,12.0,6.0,10.0,7.0,37.156356551388214
69.0,1500000.0,5000.0,12.0,6.0,15.0,15.0,6.0,37.156356551388214
69.0,450000.0,2000.0,7.0,14.0,11.0,13.0,7.0,37.156356551388214
69.0,1600000.0,17000.0,12.0,8.0,14.0,11.0,15.0,37.156356551388214
69.0,1800000.0,3000.0,14.0,11.0,6.0,13.0,9.0,37.156356551388214
69.0,1900000.0,3000.0,10.0,13.0,15.0,11.0,15.0,37.156356551388214
69.0,750000.0,6000.0,70.0,64.0,71.0,65.0,73.0,45.0
69.0,1200000.0,7000.0,12.0,12.0,9.0,9.0,13.0,37.156356551388214
69.0,2900000.0,3000.0,16.0,9.0,6.0,11.0,9.0,37.156356551388214
69.0,1900000.0,4000.0,10.0,9.0,13.0,6.0,7.0,37.156356551388214
69.0,1500000.0,24000.0,11.0,8.0,6.0,8.0,13.0,37.156356551388214
69.0,1500000.0,500.0,8.0,9.0,13.0,8.0,7.0,37.156356551388214
69.0,1900000.0,2000.0,10.0,14.0,10.0,9.0,15.0,37.156356551388214
69.0,1700000.0,8000.0,68.0,66.0,71.0,64.0,73.0,42.0
69.0,1500000.0,7000.0,15.0,7.0,10.0,8.0,6.0,37.156356551388214
69.0,2900000.0,2000.0,10.0,13.0,15.0,6.0,12.0,37.156356551388214
69.0,1800000.0,20000.0,10.0,6.0,7.0,15.0,13.0,37.156356551388214
69.0,1700000.0,9000.0,9.0,15.0,11.0,10.0,9.0,37.156356551388214
69.0,1300000.0,7000.0,7.0,13.0,9.0,8.0,9.0,37.156356551388214
69.0,1100000.0,5000.0,7.0,6.0,12.0,6.0,7.0,37.156356551388214
69.0,3000000.0,17000.0,10.0,8.0,6.0,6.0,11.0,37.156356551388214
69.0,1700000.0,6000.0,9.0,11.0,5.0,7.0,9.0,37.156356551388214
69.0,1800000.0,9000.0,72.0,64.0,64.0,67.0,69.0,40.0
69.0,3300000.0,500.0,5.0,8.0,6.0,9.0,11.0,37.156356551388214
69.0,2900000.0,4000.0,6.0,7.0,14.0,12.0,13.0,37.156356551388214
69.0,3600000.0,33000.0,8.0,9.0,8.0,7.0,7.0,37.156356551388214
68.0,240000.0,2000.0,9.0,15.0,13.0,11.0,11.0,37.156356551388214
68.0,220000.0,4000.0,12.0,15.0,12.0,16.0,13.0,37.156356551388214
68.0,950000.0,2000.0,13.0,6.0,9.0,12.0,10.0,37.156356551388214
68.0,1000000.0,4000.0,6.0,12.0,16.0,14.0,12.0,37.156356551388214
68.0,775000.0,3000.0,9.0,13.0,8.0,13.0,6.0,37.156356551388214
68.0,1200000.0,7000.0,8.0,13.0,16.0,10.0,13.0,37.156356551388214
68.0,1200000.0,13000.0,13.0,11.0,15.0,11.0,8.0,37.156356551388214
68.0,1200000.0,7000.0,8.0,8.0,16.0,10.0,10.0,37.156356551388214
68.0,1100000.0,3000.0,16.0,15.0,8.0,10.0,15.0,37.156356551388214
68.0,1400000.0,11000.0,14.0,11.0,8.0,10.0,13.0,37.156356551388214
68.0,1100000.0,5000.0,10.0,11.0,12.0,8.0,10.0,37.156356551388214
68.0,1100000.0,8000.0,10.0,13.0,13.0,16.0,10.0,37.156356551388214
68.0,1000000.0,4000.0,6.0,16.0,6.0,10.0,8.0,37.156356551388214
68.0,1200000.0,3000.0,12.0,10.0,13.0,6.0,8.0,37.156356551388214
68.0,1200000.0,4000.0,11.0,12.0,13.0,9.0,11.0,37.156356551388214
68.0,1300000.0,4000.0,13.0,11.0,13.0,12.0,9.0,37.156356551388214
68.0,1100000.0,4000.0,14.0,10.0,11.0,11.0,15.0,37.156356551388214
68.0,1000000.0,6000.0,7.0,13.0,10.0,9.0,9.0,37.156356551388214
68.0,775000.0,8000.0,11.0,12.0,7.0,6.0,10.0,37.156356551388214
68.0,950000.0,6000.0,8.0,15.0,9.0,15.0,7.0,37.156356551388214
68.0,1600000.0,2000.0,11.0,12.0,6.0,14.0,14.0,37.156356551388214
68.0,1800000.0,3000.0,14.0,7.0,13.0,15.0,10.0,37.156356551388214
68.0,2100000.0,3000.0,70.0,65.0,72.0,68.0,69.0,39.0
68.0,1600000.0,6000.0,8.0,8.0,13.0,15.0,7.0,37.156356551388214
68.0,1400000.0,550.0,14.0,12.0,10.0,11.0,15.0,37.156356551388214
68.0,1200000.0,8000.0,14.0,15.0,8.0,8.0,12.0,37.156356551388214
68.0,1000000.0,4000.0,11.0,12.0,15.0,13.0,14.0,37.156356551388214
68.0,825000.0,3000.0,6.0,9.0,6.0,7.0,5.0,37.156356551388214
68.0,625000.0,500.0,5.0,7.0,9.0,14.0,11.0,37.156356551388214
68.0,2600000.0,8000.0,13.0,13.0,9.0,12.0,11.0,37.156356551388214
68.0,1600000.0,500.0,12.0,10.0,6.0,15.0,11.0,37.156356551388214
68.0,2900000.0,16000.0,10.0,13.0,11.0,11.0,5.0,37.156356551388214
68.0,1400000.0,5000.0,12.0,16.0,9.0,8.0,9.0,37.156356551388214
68.0,2600000.0,2000.0,9.0,10.0,6.0,8.0,11.0,37.156356551388214
68.0,1600000.0,3000.0,10.0,15.0,8.0,9.0,7.0,37.156356551388214
68.0,1400000.0,10000.0,12.0,5.0,14.0,8.0,13.0,37.156356551388214
68.0,1200000.0,3000.0,9.0,14.0,5.0,10.0,9.0,37.156356551388214
68.0,1900000.0,8000.0,8.0,14.0,7.0,9.0,6.0,37.156356551388214
68.0,2800000.0,5000.0,13.0,7.0,14.0,10.0,13.0,37.156356551388214
68.0,1700000.0,3000.0,9.0,9.0,14.0,8.0,11.0,37.156356551388214
68.0,1900000.0,7000.0,10.0,12.0,9.0,11.0,13.0,37.156356551388214
67.0,475000.0,9000.0,11.0,16.0,10.0,16.0,14.0,37.156356551388214
67.0,375000.0,4000.0,16.0,7.0,16.0,8.0,7.0,37.156356551388214
67.0,850000.0,6000.0,14.0,12.0,7.0,6.0,13.0,37.156356551388214
67.0,850000.0,11000.0,9.0,10.0,15.0,11.0,12.0,37.156356551388214
67.0,725000.0,2000.0,5.0,5.0,5.0,5.0,5.0,37.156356551388214
67.0,475000.0,2000.0,8.0,11.0,13.0,10.0,15.0,37.156356551388214
67.0,875000.0,4000.0,8.0,16.0,12.0,8.0,14.0,37.156356551388214
67.0,500000.0,6000.0,12.0,8.0,13.0,9.0,10.0,37.156356551388214
67.0,700000.0,2000.0,7.0,9.0,11.0,11.0,8.0,37.156356551388214
67.0,975000.0,6000.0,6.0,16.0,13.0,16.0,7.0,37.156356551388214
67.0,700000.0,3000.0,8.0,9.0,9.0,11.0,14.0,37.156356551388214
67.0,975000.0,5000.0,16.0,13.0,7.0,14.0,7.0,37.156356551388214
67.0,1200000.0,13000.0,14.0,9.0,9.0,10.0,7.0,37.156356551388214
67.0,975000.0,4000.0,15.0,15.0,8.0,10.0,10.0,37.156356551388214
67.0,1300000.0,6000.0,7.0,16.0,14.0,9.0,12.0,37.156356551388214
67.0,725000.0,4000.0,13.0,10.0,7.0,7.0,10.0,37.156356551388214
67.0,1000000.0,2000.0,8.0,15.0,14.0,9.0,8.0,37.156356551388214
67.0,275000.0,2000.0,12.0,14.0,13.0,15.0,10.0,37.156356551388214
67.0,875000.0,5000.0,15.0,10.0,14.0,12.0,8.0,37.156356551388214
67.0,1100000.0,3000.0,67.0,63.0,60.0,69.0,66.0,41.0
67.0,475000.0,500.0,12.0,8.0,15.0,8.0,11.0,37.156356551388214
67.0,1300000.0,2000.0,12.0,15.0,13.0,6.0,8.0,37.156356551388214
67.0,1200000.0,4000.0,7.0,14.0,6.0,8.0,9.0,37.156356551388214
67.0,1400000.0,14000.0,11.0,16.0,6.0,8.0,8.0,37.156356551388214
67.0,1600000.0,2000.0,8.0,14.0,12.0,8.0,11.0,37.156356551388214
67.0,1200000.0,4000.0,7.0,13.0,7.0,13.0,12.0,37.156356551388214
67.0,1100000.0,9000.0,14.0,13.0,9.0,15.0,9.0,37.156356551388214
67.0,1100000.0,4000.0,16.0,9.0,8.0,12.0,10.0,37.156356551388214
67.0,1100000.0,5000.0,6.0,14.0,12.0,11.0,13.0,37.156356551388214
67.0,1200000.0,2000.0,11.0,9.0,14.0,10.0,15.0,37.156356551388214
67.0,650000.0,500.0,6.0,13.0,11.0,9.0,10.0,37.156356551388214
67.0,1500000.0,3000.0,12.0,12.0,14.0,14.0,13.0,37.156356551388214
67.0,1200000.0,8000.0,10.0,12.0,16.0,15.0,10.0,37.156356551388214
67.0,1400000.0,5000.0,8.0,5.0,11.0,8.0,11.0,37.156356551388214
67.0,1000000.0,10000.0,10.0,8.0,12.0,9.0,12.0,37.156356551388214
67.0,1000000.0,4000.0,6.0,15.0,5.0,11.0,9.0,37.156356551388214
67.0,875000.0,5000.0,12.0,15.0,16.0,8.0,8.0,37.156356551388214
67.0,2300000.0,5000.0,6.0,12.0,11.0,8.0,9.0,37.156356551388214
67.0,1400000.0,500.0,5.0,7.0,10.0,7.0,11.0,37.156356551388214
67.0,2100000.0,2000.0,13.0,14.0,11.0,10.0,12.0,37.156356551388214
67.0,1600000.0,3000.0,6.0,11.0,9.0,11.0,12.0,37.156356551388214
67.0,1200000.0,5000.0,8.0,13.0,8.0,11.0,9.0,37.156356551388214
67.0,1200000.0,5000.0,10.0,15.0,13.0,10.0,19.0,37.156356551388214
67.0,1900000.0,3000.0,13.0,7.0,12.0,9.0,12.0,37.156356551388214
67.0,1500000.0,6000.0,13.0,7.0,11.0,14.0,10.0,37.156356551388214
67.0,1600000.0,5000.0,10.0,13.0,5.0,12.0,13.0,37.156356551388214
67.0,2100000.0,8000.0,9.0,13.0,13.0,13.0,8.0,37.156356551388214
67.0,1200000.0,9000.0,11.0,12.0,6.0,14.0,7.0,37.156356551388214
67.0,1100000.0,4000.0,10.0,8.0,15.0,11.0,6.0,37.156356551388214
67.0,1300000.0,500.0,8.0,6.0,12.0,7.0,11.0,37.156356551388214
67.0,1100000.0,500.0,67.0,68.0,65.0,64.0,66.0,20.0
66.0,150000.0,8000.0,66.0,62.0,66.0,66.0,65.0,39.0
66.0,550000.0,4000.0,16.0,10.0,8.0,6.0,11.0,37.156356551388214
66.0,675000.0,6000.0,14.0,6.0,7.0,15.0,13.0,37.156356551388214
66.0,575000.0,4000.0,13.0,14.0,16.0,9.0,12.0,37.156356551388214
66.0,600000.0,1000.0,10.0,15.0,15.0,12.0,10.0,37.156356551388214
66.0,725000.0,4000.0,13.0,16.0,16.0,8.0,13.0,37.156356551388214
66.0,850000.0,4000.0,13.0,10.0,10.0,7.0,12.0,37.156356551388214
66.0,700000.0,2000.0,11.0,13.0,13.0,16.0,7.0,37.156356551388214
66.0,750000.0,3000.0,7.0,12.0,11.0,11.0,9.0,37.156356551388214
66.0,850000.0,3000.0,69.0,65.0,58.0,67.0,66.0,36.0
66.0,975000.0,4000.0,13.0,10.0,10.0,6.0,10.0,37.156356551388214
66.0,850000.0,2000.0,13.0,13.0,11.0,14.0,6.0,37.156356551388214
66.0,725000.0,2000.0,11.0,12.0,12.0,15.0,15.0,37.156356551388214
66.0,600000.0,2000.0,15.0,7.0,15.0,10.0,12.0,37.156356551388214
66.0,975000.0,2000.0,9.0,10.0,12.0,14.0,7.0,37.156356551388214
66.0,850000.0,4000.0,12.0,11.0,13.0,11.0,10.0,37.156356551388214
66.0,1200000.0,4000.0,13.0,12.0,15.0,7.0,13.0,37.156356551388214
66.0,1100000.0,2000.0,11.0,7.0,9.0,15.0,15.0,37.156356551388214
66.0,550000.0,6000.0,7.0,12.0,8.0,14.0,9.0,37.156356551388214
66.0,550000.0,3000.0,8.0,14.0,16.0,9.0,8.0,37.156356551388214
66.0,725000.0,3000.0,10.0,12.0,14.0,9.0,7.0,37.156356551388214
66.0,900000.0,3000.0,10.0,8.0,9.0,8.0,6.0,37.156356551388214
66.0,900000.0,2000.0,12.0,6.0,10.0,16.0,15.0,37.156356551388214
66.0,1600000.0,2000.0,10.0,13.0,7.0,12.0,8.0,37.156356551388214
66.0,850000.0,900.0,7.0,8.0,7.0,8.0,12.0,37.156356551388214
66.0,700000.0,500.0,11.0,7.0,8.0,7.0,14.0,37.156356551388214
66.0,850000.0,2000.0,13.0,13.0,15.0,13.0,13.0,37.156356551388214
66.0,975000.0,2000.0,15.0,8.0,14.0,14.0,14.0,37.156356551388214
66.0,1300000.0,7000.0,14.0,11.0,14.0,8.0,10.0,37.156356551388214
66.0,1800000.0,5000.0,10.0,11.0,7.0,9.0,14.0,37.156356551388214
66.0,1000000.0,3000.0,15.0,10.0,8.0,10.0,11.0,37.156356551388214
66.0,1800000.0,7000.0,9.0,6.0,10.0,8.0,15.0,37.156356551388214
66.0,2100000.0,14000.0,10.0,13.0,7.0,11.0,10.0,37.156356551388214
66.0,1000000.0,3000.0,6.0,10.0,14.0,14.0,5.0,37.156356551388214
66.0,1300000.0,1000.0,13.0,11.0,7.0,8.0,12.0,37.156356551388214
66.0,1200000.0,3000.0,10.0,14.0,15.0,9.0,11.0,37.156356551388214
66.0,1900000.0,5000.0,12.0,14.0,10.0,14.0,15.0,37.156356551388214
66.0,2000000.0,2000.0,6.0,10.0,6.0,12.0,8.0,37.156356551388214
66.0,1600000.0,2000.0,10.0,9.0,5.0,11.0,13.0,37.156356551388214
66.0,1800000.0,2000.0,65.0,62.0,62.0,68.0,67.0,29.0
66.0,2100000.0,6000.0,10.0,12.0,12.0,12.0,14.0,37.156356551388214
66.0,1000000.0,2000.0,15.0,12.0,5.0,15.0,7.0,37.156356551388214
66.0,600000.0,500.0,12.0,13.0,12.0,12.0,11.0,37.156356551388214
66.0,1300000.0,500.0,6.0,12.0,10.0,7.0,9.0,37.156356551388214
66.0,1700000.0,6000.0,13.0,12.0,8.0,12.0,5.0,37.156356551388214
65.0,80000.0,1000.0,67.0,63.0,62.0,64.0,66.0,33.0
65.0,80000.0,1000.0,64.0,66.0,64.0,72.0,65.0,18.0
65.0,575000.0,2000.0,13.0,11.0,9.0,14.0,15.0,37.156356551388214
65.0,725000.0,2000.0,68.0,63.0,60.0,63.0,67.0,43.0
65.0,700000.0,3000.0,11.0,9.0,11.0,13.0,8.0,37.156356551388214
65.0,875000.0,4000.0,13.0,6.0,6.0,9.0,6.0,37.156356551388214
65.0,600000.0,4000.0,10.0,13.0,10.0,12.0,12.0,37.156356551388214
65.0,775000.0,7000.0,8.0,8.0,7.0,14.0,10.0,37.156356551388214
65.0,1100000.0,3000.0,16.0,7.0,12.0,9.0,9.0,37.156356551388214
65.0,650000.0,500.0,65.0,64.0,65.0,61.0,67.0,47.0
65.0,600000.0,800.0,15.0,10.0,16.0,6.0,15.0,37.156356551388214
65.0,625000.0,2000.0,9.0,10.0,14.0,7.0,10.0,37.156356551388214
65.0,725000.0,3000.0,64.0,65.0,62.0,67.0,65.0,28.0
65.0,900000.0,3000.0,10.0,15.0,14.0,10.0,12.0,37.156356551388214
65.0,775000.0,1000.0,8.0,12.0,15.0,13.0,7.0,37.156356551388214
65.0,950000.0,2000.0,8.0,10.0,10.0,7.0,12.0,37.156356551388214
65.0,1400000.0,3000.0,8.0,12.0,8.0,7.0,13.0,37.156356551388214
65.0,825000.0,4000.0,7.0,7.0,7.0,7.0,10.0,37.156356551388214
65.0,1300000.0,4000.0,9.0,16.0,16.0,15.0,13.0,37.156356551388214
65.0,1300000.0,4000.0,12.0,12.0,13.0,11.0,14.0,37.156356551388214
65.0,1400000.0,3000.0,7.0,15.0,7.0,9.0,11.0,37.156356551388214
65.0,1100000.0,5000.0,14.0,14.0,13.0,10.0,9.0,37.156356551388214
65.0,1400000.0,2000.0,66.0,60.0,63.0,63.0,67.0,43.0
65.0,725000.0,1000.0,12.0,9.0,15.0,8.0,15.0,37.156356551388214
65.0,775000.0,3000.0,14.0,7.0,8.0,16.0,9.0,37.156356551388214
65.0,1400000.0,2000.0,63.0,63.0,63.0,63.0,69.0,63.0
65.0,625000.0,1000.0,6.0,10.0,15.0,6.0,7.0,37.156356551388214
65.0,1000000.0,2000.0,7.0,5.0,12.0,6.0,8.0,37.156356551388214
65.0,1000000.0,3000.0,14.0,12.0,6.0,6.0,15.0,37.156356551388214
65.0,600000.0,500.0,15.0,6.0,8.0,6.0,15.0,37.156356551388214
65.0,1000000.0,2000.0,6.0,8.0,6.0,14.0,10.0,37.156356551388214
65.0,775000.0,2000.0,13.0,11.0,11.0,8.0,13.0,37.156356551388214
65.0,750000.0,3000.0,12.0,9.0,10.0,15.0,9.0,37.156356551388214
65.0,1500000.0,1000.0,9.0,11.0,10.0,11.0,10.0,37.156356551388214
65.0,1500000.0,1000.0,9.0,13.0,12.0,14.0,9.0,37.156356551388214
65.0,675000.0,2000.0,64.0,68.0,69.0,60.0,65.0,35.0
65.0,1400000.0,3000.0,66.0,66.0,63.0,62.0,74.0,25.0
65.0,825000.0,5000.0,6.0,12.0,5.0,13.0,7.0,37.156356551388214
65.0,725000.0,500.0,16.0,12.0,18.0,13.0,12.0,37.156356551388214
64.0,375000.0,2000.0,10.0,12.0,13.0,13.0,8.0,37.156356551388214
64.0,190000.0,1000.0,11.0,10.0,9.0,11.0,7.0,37.156356551388214
64.0,375000.0,3000.0,12.0,11.0,15.0,16.0,15.0,37.156356551388214
64.0,575000.0,2000.0,16.0,10.0,7.0,13.0,14.0,37.156356551388214
64.0,475000.0,2000.0,11.0,6.0,7.0,15.0,14.0,37.156356551388214
64.0,550000.0,4000.0,15.0,16.0,13.0,15.0,13.0,37.156356551388214
64.0,675000.0,6000.0,8.0,6.0,13.0,8.0,14.0,37.156356551388214
64.0,600000.0,2000.0,70.0,61.0,64.0,60.0,68.0,43.0
64.0,525000.0,5000.0,15.0,8.0,7.0,11.0,10.0,37.156356551388214
64.0,725000.0,2000.0,10.0,11.0,10.0,7.0,15.0,37.156356551388214
64.0,575000.0,7000.0,14.0,15.0,9.0,12.0,10.0,37.156356551388214
64.0,775000.0,1000.0,11.0,15.0,10.0,16.0,6.0,37.156356551388214
64.0,675000.0,5000.0,15.0,8.0,10.0,8.0,6.0,37.156356551388214
64.0,1200000.0,3000.0,12.0,8.0,9.0,14.0,14.0,37.156356551388214
64.0,1100000.0,2000.0,10.0,11.0,15.0,15.0,12.0,37.156356551388214
64.0,500000.0,1000.0,15.0,13.0,11.0,14.0,6.0,37.156356551388214
64.0,1200000.0,3000.0,13.0,9.0,9.0,7.0,12.0,37.156356551388214
64.0,1300000.0,5000.0,68.0,65.0,62.0,59.0,65.0,22.0
64.0,1200000.0,5000.0,13.0,13.0,11.0,12.0,7.0,37.156356551388214
64.0,1200000.0,7000.0,65.0,61.0,62.0,60.0,69.0,26.0
64.0,1400000.0,4000.0,10.0,6.0,11.0,12.0,5.0,37.156356551388214
64.0,1300000.0,2000.0,15.0,11.0,14.0,12.0,6.0,37.156356551388214
64.0,825000.0,1000.0,12.0,7.0,11.0,15.0,12.0,37.156356551388214
64.0,650000.0,2000.0,64.0,57.0,56.0,66.0,67.0,26.0
64.0,1500000.0,1000.0,10.0,7.0,9.0,15.0,11.0,37.156356551388214
64.0,725000.0,3000.0,7.0,6.0,12.0,8.0,11.0,37.156356551388214
64.0,1300000.0,1000.0,13.0,13.0,9.0,15.0,8.0,37.156356551388214
64.0,1500000.0,900.0,5.0,10.0,13.0,8.0,14.0,37.156356551388214
64.0,500000.0,500.0,11.0,8.0,12.0,15.0,8.0,37.156356551388214
64.0,925000.0,4000.0,14.0,10.0,7.0,11.0,5.0,37.156356551388214
63.0,325000.0,800.0,8.0,12.0,8.0,15.0,15.0,37.156356551388214
63.0,575000.0,1000.0,7.0,14.0,7.0,7.0,16.0,37.156356551388214
63.0,575000.0,1000.0,15.0,15.0,11.0,9.0,14.0,37.156356551388214
63.0,500000.0,1000.0,11.0,7.0,16.0,14.0,6.0,37.156356551388214
63.0,375000.0,1000.0,64.0,61.0,60.0,65.0,65.0,44.0
63.0,775000.0,4000.0,9.0,15.0,14.0,8.0,16.0,37.156356551388214
63.0,450000.0,900.0,13.0,7.0,15.0,13.0,8.0,37.156356551388214
63.0,600000.0,2000.0,13.0,12.0,11.0,10.0,10.0,37.156356551388214
63.0,650000.0,750.0,13.0,12.0,13.0,14.0,11.0,37.156356551388214
63.0,925000.0,600.0,65.0,61.0,57.0,60.0,64.0,41.0
63.0,725000.0,3000.0,8.0,14.0,15.0,12.0,15.0,37.156356551388214
63.0,625000.0,500.0,14.0,11.0,11.0,15.0,15.0,37.156356551388214
63.0,475000.0,1000.0,62.0,62.0,59.0,61.0,64.0,46.0
63.0,525000.0,4000.0,12.0,13.0,10.0,8.0,9.0,37.156356551388214
63.0,475000.0,5000.0,13.0,13.0,7.0,9.0,14.0,37.156356551388214
63.0,925000.0,2000.0,68.0,59.0,56.0,58.0,65.0,46.0
63.0,1100000.0,2000.0,6.0,11.0,9.0,10.0,12.0,37.156356551388214
63.0,475000.0,1000.0,13.0,10.0,8.0,12.0,14.0,37.156356551388214
63.0,900000.0,650.0,7.0,7.0,9.0,5.0,12.0,37.156356551388214
63.0,1100000.0,5000.0,11.0,5.0,12.0,14.0,14.0,37.156356551388214
63.0,1100000.0,3000.0,14.0,11.0,9.0,11.0,7.0,37.156356551388214
63.0,700000.0,950.0,6.0,7.0,9.0,7.0,13.0,37.156356551388214
62.0,325000.0,900.0,14.0,15.0,15.0,6.0,14.0,37.156356551388214
62.0,275000.0,1000.0,15.0,14.0,6.0,11.0,12.0,37.156356551388214
62.0,500000.0,2000.0,12.0,9.0,10.0,8.0,12.0,37.156356551388214
62.0,550000.0,2000.0,7.0,12.0,14.0,11.0,15.0,37.156356551388214
62.0,375000.0,3000.0,13.0,8.0,7.0,10.0,7.0,37.156356551388214
62.0,825000.0,2000.0,7.0,14.0,16.0,12.0,6.0,37.156356551388214
62.0,210000.0,4000.0,8.0,12.0,13.0,11.0,8.0,37.156356551388214
62.0,900000.0,2000.0,7.0,7.0,13.0,6.0,13.0,37.156356551388214
62.0,250000.0,950.0,10.0,6.0,9.0,8.0,14.0,37.156356551388214
62.0,850000.0,3000.0,9.0,8.0,10.0,7.0,6.0,37.156356551388214
62.0,900000.0,500.0,11.0,14.0,9.0,10.0,15.0,37.156356551388214
62.0,900000.0,950.0,8.0,7.0,14.0,9.0,8.0,37.156356551388214
62.0,975000.0,1000.0,15.0,12.0,9.0,5.0,15.0,37.156356551388214
62.0,825000.0,1000.0,6.0,15.0,10.0,15.0,14.0,37.156356551388214
62.0,70000.0,2000.0,63.0,67.0,58.0,61.0,58.0,24.0
62.0,1000000.0,1000.0,12.0,7.0,5.0,11.0,13.0,37.156356551388214
62.0,825000.0,850.0,6.0,13.0,8.0,13.0,14.0,37.156356551388214
62.0,825000.0,2000.0,13.0,9.0,10.0,13.0,10.0,37.156356551388214
62.0,975000.0,4000.0,9.0,14.0,12.0,13.0,14.0,37.156356551388214
62.0,850000.0,1000.0,10.0,10.0,9.0,8.0,13.0,37.156356551388214
61.0,250000.0,2000.0,11.0,6.0,7.0,14.0,16.0,37.156356551388214
61.0,275000.0,2000.0,12.0,16.0,15.0,10.0,14.0,37.156356551388214
61.0,425000.0,2000.0,6.0,11.0,7.0,9.0,10.0,37.156356551388214
61.0,750000.0,6000.0,10.0,8.0,14.0,7.0,14.0,37.156356551388214
61.0,425000.0,4000.0,12.0,14.0,9.0,9.0,14.0,37.156356551388214
61.0,750000.0,600.0,9.0,13.0,7.0,10.0,15.0,37.156356551388214
61.0,875000.0,1000.0,10.0,14.0,10.0,6.0,7.0,37.156356551388214
61.0,725000.0,2000.0,14.0,13.0,10.0,13.0,9.0,37.156356551388214
61.0,675000.0,1000.0,11.0,14.0,12.0,6.0,14.0,37.156356551388214
61.0,850000.0,5000.0,12.0,6.0,13.0,12.0,6.0,37.156356551388214
61.0,800000.0,2000.0,11.0,13.0,6.0,10.0,12.0,37.156356551388214
61.0,800000.0,2000.0,10.0,6.0,10.0,13.0,7.0,37.156356551388214
61.0,625000.0,1000.0,6.0,13.0,7.0,5.0,14.0,37.156356551388214
61.0,600000.0,2000.0,7.0,10.0,8.0,7.0,6.0,37.156356551388214
61.0,350000.0,500.0,10.0,13.0,14.0,9.0,11.0,37.156356551388214
61.0,525000.0,2000.0,6.0,6.0,11.0,7.0,14.0,37.156356551388214
61.0,775000.0,2000.0,10.0,10.0,8.0,11.0,14.0,37.156356551388214
60.0,180000.0,500.0,63.0,60.0,56.0,56.0,62.0,53.0
60.0,275000.0,750.0,12.0,9.0,14.0,16.0,15.0,37.156356551388214
60.0,160000.0,3000.0,61.0,57.0,61.0,60.0,59.0,48.0
60.0,550000.0,2000.0,11.0,11.0,9.0,6.0,14.0,37.156356551388214
60.0,525000.0,850.0,10.0,7.0,12.0,7.0,12.0,37.156356551388214
60.0,550000.0,700.0,7.0,11.0,11.0,14.0,9.0,37.156356551388214
60.0,200000.0,3000.0,7.0,8.0,13.0,10.0,13.0,37.156356551388214
60.0,300000.0,5000.0,13.0,6.0,8.0,11.0,5.0,37.156356551388214
60.0,575000.0,600.0,57.0,59.0,53.0,56.0,59.0,47.0
60.0,475000.0,2000.0,9.0,13.0,6.0,9.0,12.0,37.156356551388214
60.0,325000.0,3000.0,11.0,12.0,13.0,6.0,9.0,37.156356551388214
60.0,750000.0,3000.0,10.0,9.0,11.0,12.0,10.0,37.156356551388214
60.0,575000.0,500.0,7.0,10.0,14.0,10.0,13.0,37.156356551388214
60.0,575000.0,2000.0,11.0,10.0,13.0,6.0,15.0,37.156356551388214
60.0,575000.0,550.0,56.0,70.0,59.0,56.0,57.0,26.0
60.0,375000.0,1000.0,14.0,15.0,12.0,5.0,14.0,37.156356551388214
59.0,190000.0,2000.0,13.0,8.0,8.0,13.0,7.0,37.156356551388214
59.0,550000.0,2000.0,14.0,10.0,12.0,11.0,10.0,37.156356551388214
59.0,575000.0,2000.0,5.0,10.0,6.0,9.0,15.0,37.156356551388214
59.0,450000.0,2000.0,60.0,57.0,60.0,56.0,63.0,51.0
59.0,475000.0,6000.0,7.0,7.0,5.0,10.0,15.0,37.156356551388214
59.0,475000.0,500.0,12.0,11.0,9.0,7.0,10.0,37.156356551388214
59.0,550000.0,2000.0,12.0,14.0,11.0,7.0,8.0,37.156356551388214
59.0,425000.0,750.0,58.0,63.0,55.0,61.0,61.0,26.0
59.0,300000.0,500.0,11.0,13.0,10.0,11.0,10.0,37.156356551388214
59.0,475000.0,1000.0,6.0,11.0,5.0,8.0,12.0,37.156356551388214
58.0,190000.0,550.0,59.0,55.0,57.0,56.0,60.0,35.0
58.0,500000.0,1000.0,7.0,11.0,15.0,14.0,5.0,37.156356551388214
58.0,525000.0,2000.0,13.0,6.0,11.0,13.0,12.0,37.156356551388214
58.0,500000.0,500.0,5.0,12.0,11.0,15.0,13.0,37.156356551388214
58.0,450000.0,2000.0,13.0,11.0,6.0,6.0,8.0,37.156356551388214
58.0,500000.0,2000.0,6.0,11.0,7.0,14.0,13.0,37.156356551388214
57.0,350000.0,500.0,60.0,58.0,57.0,57.0,61.0,22.0
57.0,325000.0,500.0,61.0,55.0,48.0,53.0,56.0,25.0
57.0,375000.0,850.0,10.0,11.0,5.0,9.0,7.0,37.156356551388214
56.0,325000.0,750.0,8.0,6.0,7.0,11.0,15.0,37.156356551388214
55.0,140000.0,1000.0,59.0,48.0,51.0,51.0,60.0,45.0
55.0,300000.0,2000.0,9.0,6.0,9.0,6.0,10.0,37.156356551388214
54.0,220000.0,500.0,55.0,56.0,53.0,52.0,59.0,22.0
54.0,275000.0,500.0,7.0,13.0,14.0,7.0,9.0,37.156356551388214
51.0,110000.0,600.0,55.0,56.0,52.0,41.0,53.0,26.0
